[{"ripartizione_geografica":"Nord-ovest","codice_regione":"01","denominazione_regione":"Piemonte","tipologia_regione":"statuto ordinario","numero_province":"8","numero_comuni":"1180","superficie_kmq":"25391.7034"},{"ripartizione_geografica":"Nord-ovest","codice_regione":"02","denominazione_regione":"Valle d'Aosta\/Vall\u00e9e d'Aoste","tipologia_regione":"statuto speciale","numero_province":"1","numero_comuni":"74","superficie_kmq":"3260.5014"},{"ripartizione_geografica":"Nord-ovest","codice_regione":"03","denominazione_regione":"Lombardia","tipologia_regione":"statuto ordinario","numero_province":"12","numero_comuni":"1502","superficie_kmq":"23862.8390"},{"ripartizione_geografica":"Nord-est","codice_regione":"04","denominazione_regione":"Trentino-Alto Adige\/S\u00fcdtirol","tipologia_regione":"statuto speciale","numero_province":"2","numero_comuni":"282","superficie_kmq":"13607.7563"},{"ripartizione_geografica":"Nord-est","codice_regione":"05","denominazione_regione":"Veneto","tipologia_regione":"statuto ordinario","numero_province":"7","numero_comuni":"560","superficie_kmq":"18354.2207"},{"ripartizione_geografica":"Nord-est","codice_regione":"06","denominazione_regione":"Friuli-Venezia Giulia","tipologia_regione":"statuto speciale","numero_province":"4","numero_comuni":"215","superficie_kmq":"7933.1665"},{"ripartizione_geografica":"Nord-ovest","codice_regione":"07","denominazione_regione":"Liguria","tipologia_regione":"statuto ordinario","numero_province":"4","numero_comuni":"234","superficie_kmq":"5419.4520"},{"ripartizione_geografica":"Nord-est","codice_regione":"08","denominazione_regione":"Emilia-Romagna","tipologia_regione":"statuto ordinario","numero_province":"9","numero_comuni":"330","superficie_kmq":"22501.2671"},{"ripartizione_geografica":"Centro","codice_regione":"09","denominazione_regione":"Toscana","tipologia_regione":"statuto ordinario","numero_province":"10","numero_comuni":"273","superficie_kmq":"22989.9040"},{"ripartizione_geografica":"Centro","codice_regione":"10","denominazione_regione":"Umbria","tipologia_regione":"statuto ordinario","numero_province":"2","numero_comuni":"92","superficie_kmq":"8464.3584"},{"ripartizione_geografica":"Centro","codice_regione":"11","denominazione_regione":"Marche","tipologia_regione":"statuto ordinario","numero_province":"5","numero_comuni":"225","superficie_kmq":"9345.8919"},{"ripartizione_geografica":"Centro","codice_regione":"12","denominazione_regione":"Lazio","tipologia_regione":"statuto ordinario","numero_province":"5","numero_comuni":"378","superficie_kmq":"17236.2082"},{"ripartizione_geografica":"Sud","codice_regione":"13","denominazione_regione":"Abruzzo","tipologia_regione":"statuto ordinario","numero_province":"4","numero_comuni":"305","superficie_kmq":"10831.3399"},{"ripartizione_geografica":"Sud","codice_regione":"14","denominazione_regione":"Molise","tipologia_regione":"statuto ordinario","numero_province":"2","numero_comuni":"136","superficie_kmq":"4461.3591"},{"ripartizione_geografica":"Sud","codice_regione":"15","denominazione_regione":"Campania","tipologia_regione":"statuto ordinario","numero_province":"5","numero_comuni":"550","superficie_kmq":"13675.3313"},{"ripartizione_geografica":"Sud","codice_regione":"16","denominazione_regione":"Puglia","tipologia_regione":"statuto ordinario","numero_province":"6","numero_comuni":"257","superficie_kmq":"19538.4463"},{"ripartizione_geografica":"Sud","codice_regione":"17","denominazione_regione":"Basilicata","tipologia_regione":"statuto ordinario","numero_province":"2","numero_comuni":"131","superficie_kmq":"10073.9127"},{"ripartizione_geografica":"Sud","codice_regione":"18","denominazione_regione":"Calabria","tipologia_regione":"statuto ordinario","numero_province":"5","numero_comuni":"404","superficie_kmq":"15217.0982"},{"ripartizione_geografica":"Isole","codice_regione":"19","denominazione_regione":"Sicilia","tipologia_regione":"statuto speciale","numero_province":"9","numero_comuni":"391","superficie_kmq":"25832.4612"},{"ripartizione_geografica":"Isole","codice_regione":"20","denominazione_regione":"Sardegna","tipologia_regione":"statuto speciale","numero_province":"9","numero_comuni":"377","superficie_kmq":"24109.9204"}]